word,dimension,valence,source_repo,source_file
able,competence,1,fraser,BWS_annotations.csv
active,competence,1,fraser,BWS_annotations.csv
affectionate,competence,1,fraser,BWS_annotations.csv
aggressive,competence,1,fraser,BWS_annotations.csv
agreeable,competence,1,fraser,BWS_annotations.csv
aloof,competence,1,fraser,BWS_annotations.csv
altruistic,competence,1,fraser,BWS_annotations.csv
ambitious,competence,1,fraser,BWS_annotations.csv
amicable,competence,1,fraser,BWS_annotations.csv
antisocial,competence,1,fraser,BWS_annotations.csv
anxious,competence,1,fraser,BWS_annotations.csv
asocial,competence,1,fraser,BWS_annotations.csv
assertive,competence,1,fraser,BWS_annotations.csv
autonomous,competence,1,fraser,BWS_annotations.csv
bad,competence,1,fraser,BWS_annotations.csv
beneficent,competence,1,fraser,BWS_annotations.csv
benevolent,competence,1,fraser,BWS_annotations.csv
boring,competence,1,fraser,BWS_annotations.csv
bright,competence,1,fraser,BWS_annotations.csv
brilliant,competence,1,fraser,BWS_annotations.csv
brutal,competence,1,fraser,BWS_annotations.csv
capable,competence,1,fraser,BWS_annotations.csv
careless,competence,1,fraser,BWS_annotations.csv
caring,competence,1,fraser,BWS_annotations.csv
cautious,competence,1,fraser,BWS_annotations.csv
civil,competence,1,fraser,BWS_annotations.csv
clever,competence,1,fraser,BWS_annotations.csv
clumsy,competence,1,fraser,BWS_annotations.csv
cold,competence,1,fraser,BWS_annotations.csv
compassionate,competence,1,fraser,BWS_annotations.csv
competent,competence,1,fraser,BWS_annotations.csv
competitive,competence,1,fraser,BWS_annotations.csv
confident,competence,1,fraser,BWS_annotations.csv
conscientious,competence,1,fraser,BWS_annotations.csv
cooperative,competence,1,fraser,BWS_annotations.csv
corrupt,competence,1,fraser,BWS_annotations.csv
creative,competence,1,fraser,BWS_annotations.csv
criminal,competence,1,fraser,BWS_annotations.csv
critical,competence,1,fraser,BWS_annotations.csv
cunning,competence,1,fraser,BWS_annotations.csv
daring,competence,1,fraser,BWS_annotations.csv
dedicated,competence,1,fraser,BWS_annotations.csv
dependent,competence,1,fraser,BWS_annotations.csv
determined,competence,1,fraser,BWS_annotations.csv
diffident,competence,1,fraser,BWS_annotations.csv
disagreeable,competence,1,fraser,BWS_annotations.csv
discriminating,competence,1,fraser,BWS_annotations.csv
dishonest,competence,1,fraser,BWS_annotations.csv
dishonorable,competence,1,fraser,BWS_annotations.csv
disliked,competence,1,fraser,BWS_annotations.csv
disloyal,competence,1,fraser,BWS_annotations.csv
distant,competence,1,fraser,BWS_annotations.csv
docile,competence,1,fraser,BWS_annotations.csv
dominant,competence,1,fraser,BWS_annotations.csv
dominated,competence,1,fraser,BWS_annotations.csv
dominating,competence,1,fraser,BWS_annotations.csv
double-faced,competence,1,fraser,BWS_annotations.csv
dumb,competence,1,fraser,BWS_annotations.csv
educated,competence,1,fraser,BWS_annotations.csv
effective,competence,1,fraser,BWS_annotations.csv
efficient,competence,1,fraser,BWS_annotations.csv
egoistic,competence,1,fraser,BWS_annotations.csv
energetic,competence,1,fraser,BWS_annotations.csv
evil,competence,1,fraser,BWS_annotations.csv
exploitative,competence,1,fraser,BWS_annotations.csv
fair,competence,1,fraser,BWS_annotations.csv
faithful,competence,1,fraser,BWS_annotations.csv
fake,competence,1,fraser,BWS_annotations.csv
felicitous,competence,1,fraser,BWS_annotations.csv
foolish,competence,1,fraser,BWS_annotations.csv
forgiving,competence,1,fraser,BWS_annotations.csv
forthcoming,competence,1,fraser,BWS_annotations.csv
friendly,competence,1,fraser,BWS_annotations.csv
generous,competence,1,fraser,BWS_annotations.csv
genuine,competence,1,fraser,BWS_annotations.csv
good,competence,1,fraser,BWS_annotations.csv
good-natured,competence,1,fraser,BWS_annotations.csv
graceful,competence,1,fraser,BWS_annotations.csv
hardhearted,competence,1,fraser,BWS_annotations.csv
helpful,competence,1,fraser,BWS_annotations.csv
helpless,competence,1,fraser,BWS_annotations.csv
homophobic,competence,1,fraser,BWS_annotations.csv
honest,competence,1,fraser,BWS_annotations.csv
honorable,competence,1,fraser,BWS_annotations.csv
hospitable,competence,1,fraser,BWS_annotations.csv
hostile,competence,1,fraser,BWS_annotations.csv
humane,competence,1,fraser,BWS_annotations.csv
humorous,competence,1,fraser,BWS_annotations.csv
ignorant,competence,1,fraser,BWS_annotations.csv
illogical,competence,1,fraser,BWS_annotations.csv
imaginative,competence,1,fraser,BWS_annotations.csv
impolite,competence,1,fraser,BWS_annotations.csv
impractical,competence,1,fraser,BWS_annotations.csv
impulsive,competence,1,fraser,BWS_annotations.csv
inactive,competence,1,fraser,BWS_annotations.csv
incapable,competence,1,fraser,BWS_annotations.csv
incompetent,competence,1,fraser,BWS_annotations.csv
inconsiderate,competence,1,fraser,BWS_annotations.csv
incorrupt,competence,1,fraser,BWS_annotations.csv
independent,competence,1,fraser,BWS_annotations.csv
industrious,competence,1,fraser,BWS_annotations.csv
ineffective,competence,1,fraser,BWS_annotations.csv
inefficient,competence,1,fraser,BWS_annotations.csv
inept,competence,1,fraser,BWS_annotations.csv
inhospitable,competence,1,fraser,BWS_annotations.csv
innocent,competence,1,fraser,BWS_annotations.csv
insecure,competence,1,fraser,BWS_annotations.csv
insensitive,competence,1,fraser,BWS_annotations.csv
insightful,competence,1,fraser,BWS_annotations.csv
insincere,competence,1,fraser,BWS_annotations.csv
intelligent,competence,1,fraser,BWS_annotations.csv
intolerant,competence,1,fraser,BWS_annotations.csv
inventive,competence,1,fraser,BWS_annotations.csv
irrational,competence,1,fraser,BWS_annotations.csv
irresponsible,competence,1,fraser,BWS_annotations.csv
lazy,competence,1,fraser,BWS_annotations.csv
lethargic,competence,1,fraser,BWS_annotations.csv
likable,competence,1,fraser,BWS_annotations.csv
liked,competence,1,fraser,BWS_annotations.csv
logical,competence,1,fraser,BWS_annotations.csv
loyal,competence,1,fraser,BWS_annotations.csv
maladroit,competence,1,fraser,BWS_annotations.csv
mean,competence,1,fraser,BWS_annotations.csv
meek,competence,1,fraser,BWS_annotations.csv
meticulous,competence,1,fraser,BWS_annotations.csv
moral,competence,1,fraser,BWS_annotations.csv
motivated,competence,1,fraser,BWS_annotations.csv
naive,competence,1,fraser,BWS_annotations.csv
nasty,competence,1,fraser,BWS_annotations.csv
negligent,competence,1,fraser,BWS_annotations.csv
nice,competence,1,fraser,BWS_annotations.csv
nonresilient,competence,1,fraser,BWS_annotations.csv
open,competence,1,fraser,BWS_annotations.csv
outgoing,competence,1,fraser,BWS_annotations.csv
persistent,competence,1,fraser,BWS_annotations.csv
pleasant,competence,1,fraser,BWS_annotations.csv
polite,competence,1,fraser,BWS_annotations.csv
popular,competence,1,fraser,BWS_annotations.csv
practical,competence,1,fraser,BWS_annotations.csv
prejudiced,competence,1,fraser,BWS_annotations.csv
racist,competence,1,fraser,BWS_annotations.csv
rational,competence,1,fraser,BWS_annotations.csv
reliable,competence,1,fraser,BWS_annotations.csv
repellent,competence,1,fraser,BWS_annotations.csv
resilient,competence,1,fraser,BWS_annotations.csv
resolute,competence,1,fraser,BWS_annotations.csv
responsible,competence,1,fraser,BWS_annotations.csv
revengeful,competence,1,fraser,BWS_annotations.csv
right,competence,1,fraser,BWS_annotations.csv
rough,competence,1,fraser,BWS_annotations.csv
rude,competence,1,fraser,BWS_annotations.csv
scheming,competence,1,fraser,BWS_annotations.csv
secure,competence,1,fraser,BWS_annotations.csv
self-confident,competence,1,fraser,BWS_annotations.csv
self-reliant,competence,1,fraser,BWS_annotations.csv
selfish,competence,1,fraser,BWS_annotations.csv
selfless,competence,1,fraser,BWS_annotations.csv
sensitive,competence,1,fraser,BWS_annotations.csv
sentimental,competence,1,fraser,BWS_annotations.csv
sexist,competence,1,fraser,BWS_annotations.csv
shrewd,competence,1,fraser,BWS_annotations.csv
shy,competence,1,fraser,BWS_annotations.csv
sincere,competence,1,fraser,BWS_annotations.csv
skilled,competence,1,fraser,BWS_annotations.csv
skillful,competence,1,fraser,BWS_annotations.csv
smart,competence,1,fraser,BWS_annotations.csv
sociable,competence,1,fraser,BWS_annotations.csv
social,competence,1,fraser,BWS_annotations.csv
softhearted,competence,1,fraser,BWS_annotations.csv
spiritless,competence,1,fraser,BWS_annotations.csv
sporadic,competence,1,fraser,BWS_annotations.csv
stingy,competence,1,fraser,BWS_annotations.csv
stupid,competence,1,fraser,BWS_annotations.csv
submissive,competence,1,fraser,BWS_annotations.csv
supportive,competence,1,fraser,BWS_annotations.csv
sympathetic,competence,1,fraser,BWS_annotations.csv
tender,competence,1,fraser,BWS_annotations.csv
thoughtful,competence,1,fraser,BWS_annotations.csv
timid,competence,1,fraser,BWS_annotations.csv
tolerant,competence,1,fraser,BWS_annotations.csv
trustworthy,competence,1,fraser,BWS_annotations.csv
truthful,competence,1,fraser,BWS_annotations.csv
unable,competence,1,fraser,BWS_annotations.csv
unadventurous,competence,1,fraser,BWS_annotations.csv
unaffectionate,competence,1,fraser,BWS_annotations.csv
unambitious,competence,1,fraser,BWS_annotations.csv
unassertive,competence,1,fraser,BWS_annotations.csv
uncaring,competence,1,fraser,BWS_annotations.csv
uncompetitive,competence,1,fraser,BWS_annotations.csv
uncooperative,competence,1,fraser,BWS_annotations.csv
uncreative,competence,1,fraser,BWS_annotations.csv
undedicated,competence,1,fraser,BWS_annotations.csv
understanding,competence,1,fraser,BWS_annotations.csv
undiscriminating,competence,1,fraser,BWS_annotations.csv
uneducated,competence,1,fraser,BWS_annotations.csv
unenterprising,competence,1,fraser,BWS_annotations.csv
unfair,competence,1,fraser,BWS_annotations.csv
unfriendly,competence,1,fraser,BWS_annotations.csv
unhelpful,competence,1,fraser,BWS_annotations.csv
unimaginative,competence,1,fraser,BWS_annotations.csv
unintelligent,competence,1,fraser,BWS_annotations.csv
unlikable,competence,1,fraser,BWS_annotations.csv
unmotivated,competence,1,fraser,BWS_annotations.csv
unperceptive,competence,1,fraser,BWS_annotations.csv
unpopular,competence,1,fraser,BWS_annotations.csv
unprejudiced,competence,1,fraser,BWS_annotations.csv
unreliable,competence,1,fraser,BWS_annotations.csv
unreserved,competence,1,fraser,BWS_annotations.csv
unsociable,competence,1,fraser,BWS_annotations.csv
unsocial,competence,1,fraser,BWS_annotations.csv
unsupportive,competence,1,fraser,BWS_annotations.csv
unsympathetic,competence,1,fraser,BWS_annotations.csv
untroubled,competence,1,fraser,BWS_annotations.csv
untrustworthy,competence,1,fraser,BWS_annotations.csv
unwavering,competence,1,fraser,BWS_annotations.csv
unwise,competence,1,fraser,BWS_annotations.csv
vicious,competence,1,fraser,BWS_annotations.csv
virtuous,competence,1,fraser,BWS_annotations.csv
vulnerable,competence,1,fraser,BWS_annotations.csv
wavering,competence,1,fraser,BWS_annotations.csv
welcoming,competence,1,fraser,BWS_annotations.csv
wise,competence,1,fraser,BWS_annotations.csv
wrong,competence,1,fraser,BWS_annotations.csv
affectionate,warmth,1,fraser,BWS_annotations.csv
aggressive,warmth,1,fraser,BWS_annotations.csv
agreeable,warmth,1,fraser,BWS_annotations.csv
aloof,warmth,1,fraser,BWS_annotations.csv
altruistic,warmth,1,fraser,BWS_annotations.csv
ambitious,warmth,1,fraser,BWS_annotations.csv
amicable,warmth,1,fraser,BWS_annotations.csv
antisocial,warmth,1,fraser,BWS_annotations.csv
anxious,warmth,1,fraser,BWS_annotations.csv
asocial,warmth,1,fraser,BWS_annotations.csv
assertive,warmth,1,fraser,BWS_annotations.csv
autonomous,warmth,1,fraser,BWS_annotations.csv
bad,warmth,1,fraser,BWS_annotations.csv
beneficent,warmth,1,fraser,BWS_annotations.csv
benevolent,warmth,1,fraser,BWS_annotations.csv
boring,warmth,1,fraser,BWS_annotations.csv
bright,warmth,1,fraser,BWS_annotations.csv
brilliant,warmth,1,fraser,BWS_annotations.csv
brutal,warmth,1,fraser,BWS_annotations.csv
capable,warmth,1,fraser,BWS_annotations.csv
careless,warmth,1,fraser,BWS_annotations.csv
caring,warmth,1,fraser,BWS_annotations.csv
cautious,warmth,1,fraser,BWS_annotations.csv
civil,warmth,1,fraser,BWS_annotations.csv
clever,warmth,1,fraser,BWS_annotations.csv
clumsy,warmth,1,fraser,BWS_annotations.csv
cold,warmth,1,fraser,BWS_annotations.csv
compassionate,warmth,1,fraser,BWS_annotations.csv
competent,warmth,1,fraser,BWS_annotations.csv
competitive,warmth,1,fraser,BWS_annotations.csv
confident,warmth,1,fraser,BWS_annotations.csv
conscientious,warmth,1,fraser,BWS_annotations.csv
cooperative,warmth,1,fraser,BWS_annotations.csv
corrupt,warmth,1,fraser,BWS_annotations.csv
creative,warmth,1,fraser,BWS_annotations.csv
criminal,warmth,1,fraser,BWS_annotations.csv
critical,warmth,1,fraser,BWS_annotations.csv
cunning,warmth,1,fraser,BWS_annotations.csv
daring,warmth,1,fraser,BWS_annotations.csv
dedicated,warmth,1,fraser,BWS_annotations.csv
dependent,warmth,1,fraser,BWS_annotations.csv
determined,warmth,1,fraser,BWS_annotations.csv
diffident,warmth,1,fraser,BWS_annotations.csv
disagreeable,warmth,1,fraser,BWS_annotations.csv
discriminating,warmth,1,fraser,BWS_annotations.csv
dishonest,warmth,1,fraser,BWS_annotations.csv
dishonorable,warmth,1,fraser,BWS_annotations.csv
disliked,warmth,1,fraser,BWS_annotations.csv
disloyal,warmth,1,fraser,BWS_annotations.csv
distant,warmth,1,fraser,BWS_annotations.csv
docile,warmth,1,fraser,BWS_annotations.csv
dominant,warmth,1,fraser,BWS_annotations.csv
dominated,warmth,1,fraser,BWS_annotations.csv
dominating,warmth,1,fraser,BWS_annotations.csv
double-faced,warmth,1,fraser,BWS_annotations.csv
doubtful,warmth,1,fraser,BWS_annotations.csv
dumb,warmth,1,fraser,BWS_annotations.csv
educated,warmth,1,fraser,BWS_annotations.csv
effective,warmth,1,fraser,BWS_annotations.csv
efficient,warmth,1,fraser,BWS_annotations.csv
egoistic,warmth,1,fraser,BWS_annotations.csv
energetic,warmth,1,fraser,BWS_annotations.csv
evil,warmth,1,fraser,BWS_annotations.csv
exploitative,warmth,1,fraser,BWS_annotations.csv
fair,warmth,1,fraser,BWS_annotations.csv
faithful,warmth,1,fraser,BWS_annotations.csv
fake,warmth,1,fraser,BWS_annotations.csv
felicitous,warmth,1,fraser,BWS_annotations.csv
foolish,warmth,1,fraser,BWS_annotations.csv
forgiving,warmth,1,fraser,BWS_annotations.csv
forthcoming,warmth,1,fraser,BWS_annotations.csv
friendly,warmth,1,fraser,BWS_annotations.csv
funny,warmth,1,fraser,BWS_annotations.csv
generous,warmth,1,fraser,BWS_annotations.csv
genuine,warmth,1,fraser,BWS_annotations.csv
good,warmth,1,fraser,BWS_annotations.csv
good-natured,warmth,1,fraser,BWS_annotations.csv
graceful,warmth,1,fraser,BWS_annotations.csv
hardhearted,warmth,1,fraser,BWS_annotations.csv
helpful,warmth,1,fraser,BWS_annotations.csv
helpless,warmth,1,fraser,BWS_annotations.csv
homophobic,warmth,1,fraser,BWS_annotations.csv
honest,warmth,1,fraser,BWS_annotations.csv
honorable,warmth,1,fraser,BWS_annotations.csv
hospitable,warmth,1,fraser,BWS_annotations.csv
hostile,warmth,1,fraser,BWS_annotations.csv
humane,warmth,1,fraser,BWS_annotations.csv
humorous,warmth,1,fraser,BWS_annotations.csv
ignorant,warmth,1,fraser,BWS_annotations.csv
illogical,warmth,1,fraser,BWS_annotations.csv
imaginative,warmth,1,fraser,BWS_annotations.csv
immoral,warmth,1,fraser,BWS_annotations.csv
impolite,warmth,1,fraser,BWS_annotations.csv
impractical,warmth,1,fraser,BWS_annotations.csv
impulsive,warmth,1,fraser,BWS_annotations.csv
inactive,warmth,1,fraser,BWS_annotations.csv
incapable,warmth,1,fraser,BWS_annotations.csv
incompetent,warmth,1,fraser,BWS_annotations.csv
inconsiderate,warmth,1,fraser,BWS_annotations.csv
incorrupt,warmth,1,fraser,BWS_annotations.csv
independent,warmth,1,fraser,BWS_annotations.csv
industrious,warmth,1,fraser,BWS_annotations.csv
ineffective,warmth,1,fraser,BWS_annotations.csv
inefficient,warmth,1,fraser,BWS_annotations.csv
inept,warmth,1,fraser,BWS_annotations.csv
inhospitable,warmth,1,fraser,BWS_annotations.csv
innocent,warmth,1,fraser,BWS_annotations.csv
insecure,warmth,1,fraser,BWS_annotations.csv
insensitive,warmth,1,fraser,BWS_annotations.csv
insightful,warmth,1,fraser,BWS_annotations.csv
insincere,warmth,1,fraser,BWS_annotations.csv
intelligent,warmth,1,fraser,BWS_annotations.csv
intolerant,warmth,1,fraser,BWS_annotations.csv
inventive,warmth,1,fraser,BWS_annotations.csv
irresponsible,warmth,1,fraser,BWS_annotations.csv
kind,warmth,1,fraser,BWS_annotations.csv
lazy,warmth,1,fraser,BWS_annotations.csv
lenient,warmth,1,fraser,BWS_annotations.csv
lethargic,warmth,1,fraser,BWS_annotations.csv
likable,warmth,1,fraser,BWS_annotations.csv
liked,warmth,1,fraser,BWS_annotations.csv
logical,warmth,1,fraser,BWS_annotations.csv
loyal,warmth,1,fraser,BWS_annotations.csv
maladroit,warmth,1,fraser,BWS_annotations.csv
mean,warmth,1,fraser,BWS_annotations.csv
meek,warmth,1,fraser,BWS_annotations.csv
meticulous,warmth,1,fraser,BWS_annotations.csv
moral,warmth,1,fraser,BWS_annotations.csv
motivated,warmth,1,fraser,BWS_annotations.csv
naive,warmth,1,fraser,BWS_annotations.csv
nasty,warmth,1,fraser,BWS_annotations.csv
negligent,warmth,1,fraser,BWS_annotations.csv
nice,warmth,1,fraser,BWS_annotations.csv
nonresilient,warmth,1,fraser,BWS_annotations.csv
open,warmth,1,fraser,BWS_annotations.csv
outgoing,warmth,1,fraser,BWS_annotations.csv
persistent,warmth,1,fraser,BWS_annotations.csv
pleasant,warmth,1,fraser,BWS_annotations.csv
polite,warmth,1,fraser,BWS_annotations.csv
popular,warmth,1,fraser,BWS_annotations.csv
practical,warmth,1,fraser,BWS_annotations.csv
prejudiced,warmth,1,fraser,BWS_annotations.csv
racist,warmth,1,fraser,BWS_annotations.csv
rational,warmth,1,fraser,BWS_annotations.csv
reliable,warmth,1,fraser,BWS_annotations.csv
repellent,warmth,1,fraser,BWS_annotations.csv
resentful,warmth,1,fraser,BWS_annotations.csv
resilient,warmth,1,fraser,BWS_annotations.csv
resolute,warmth,1,fraser,BWS_annotations.csv
responsible,warmth,1,fraser,BWS_annotations.csv
revengeful,warmth,1,fraser,BWS_annotations.csv
right,warmth,1,fraser,BWS_annotations.csv
rough,warmth,1,fraser,BWS_annotations.csv
rude,warmth,1,fraser,BWS_annotations.csv
scheming,warmth,1,fraser,BWS_annotations.csv
secure,warmth,1,fraser,BWS_annotations.csv
self-confident,warmth,1,fraser,BWS_annotations.csv
self-reliant,warmth,1,fraser,BWS_annotations.csv
selfish,warmth,1,fraser,BWS_annotations.csv
selfless,warmth,1,fraser,BWS_annotations.csv
sensitive,warmth,1,fraser,BWS_annotations.csv
sentimental,warmth,1,fraser,BWS_annotations.csv
sexist,warmth,1,fraser,BWS_annotations.csv
shrewd,warmth,1,fraser,BWS_annotations.csv
shy,warmth,1,fraser,BWS_annotations.csv
sincere,warmth,1,fraser,BWS_annotations.csv
skilled,warmth,1,fraser,BWS_annotations.csv
skillful,warmth,1,fraser,BWS_annotations.csv
smart,warmth,1,fraser,BWS_annotations.csv
sociable,warmth,1,fraser,BWS_annotations.csv
social,warmth,1,fraser,BWS_annotations.csv
softhearted,warmth,1,fraser,BWS_annotations.csv
spiritless,warmth,1,fraser,BWS_annotations.csv
sporadic,warmth,1,fraser,BWS_annotations.csv
stingy,warmth,1,fraser,BWS_annotations.csv
stupid,warmth,1,fraser,BWS_annotations.csv
supportive,warmth,1,fraser,BWS_annotations.csv
sympathetic,warmth,1,fraser,BWS_annotations.csv
tender,warmth,1,fraser,BWS_annotations.csv
thoughtful,warmth,1,fraser,BWS_annotations.csv
timid,warmth,1,fraser,BWS_annotations.csv
tolerant,warmth,1,fraser,BWS_annotations.csv
treacherous,warmth,1,fraser,BWS_annotations.csv
trustworthy,warmth,1,fraser,BWS_annotations.csv
truthful,warmth,1,fraser,BWS_annotations.csv
unable,warmth,1,fraser,BWS_annotations.csv
unadventurous,warmth,1,fraser,BWS_annotations.csv
unaffectionate,warmth,1,fraser,BWS_annotations.csv
unambitious,warmth,1,fraser,BWS_annotations.csv
unassertive,warmth,1,fraser,BWS_annotations.csv
uncaring,warmth,1,fraser,BWS_annotations.csv
uncompetitive,warmth,1,fraser,BWS_annotations.csv
uncooperative,warmth,1,fraser,BWS_annotations.csv
uncreative,warmth,1,fraser,BWS_annotations.csv
undedicated,warmth,1,fraser,BWS_annotations.csv
understanding,warmth,1,fraser,BWS_annotations.csv
undiscriminating,warmth,1,fraser,BWS_annotations.csv
uneducated,warmth,1,fraser,BWS_annotations.csv
unenterprising,warmth,1,fraser,BWS_annotations.csv
unfair,warmth,1,fraser,BWS_annotations.csv
unforgiving,warmth,1,fraser,BWS_annotations.csv
unfriendly,warmth,1,fraser,BWS_annotations.csv
unhelpful,warmth,1,fraser,BWS_annotations.csv
unimaginative,warmth,1,fraser,BWS_annotations.csv
unintelligent,warmth,1,fraser,BWS_annotations.csv
unkind,warmth,1,fraser,BWS_annotations.csv
unlikable,warmth,1,fraser,BWS_annotations.csv
unmotivated,warmth,1,fraser,BWS_annotations.csv
unperceptive,warmth,1,fraser,BWS_annotations.csv
unpleasant,warmth,1,fraser,BWS_annotations.csv
unpopular,warmth,1,fraser,BWS_annotations.csv
unprejudiced,warmth,1,fraser,BWS_annotations.csv
unreliable,warmth,1,fraser,BWS_annotations.csv
unreserved,warmth,1,fraser,BWS_annotations.csv
unsociable,warmth,1,fraser,BWS_annotations.csv
unsocial,warmth,1,fraser,BWS_annotations.csv
unsupportive,warmth,1,fraser,BWS_annotations.csv
unsympathetic,warmth,1,fraser,BWS_annotations.csv
untroubled,warmth,1,fraser,BWS_annotations.csv
untrustworthy,warmth,1,fraser,BWS_annotations.csv
untruthful,warmth,1,fraser,BWS_annotations.csv
unwavering,warmth,1,fraser,BWS_annotations.csv
unwise,warmth,1,fraser,BWS_annotations.csv
vicious,warmth,1,fraser,BWS_annotations.csv
virtuous,warmth,1,fraser,BWS_annotations.csv
vulnerable,warmth,1,fraser,BWS_annotations.csv
warm,warmth,1,fraser,BWS_annotations.csv
wavering,warmth,1,fraser,BWS_annotations.csv
welcoming,warmth,1,fraser,BWS_annotations.csv
wise,warmth,1,fraser,BWS_annotations.csv
wrong,warmth,1,fraser,BWS_annotations.csv
friendly,sociability,1,sadcat,seed_words_052425.csv
unfriendly,sociability,1,sadcat,seed_words_052425.csv
polite,sociability,1,sadcat,seed_words_052425.csv
impolite,sociability,1,sadcat,seed_words_052425.csv
sociable,sociability,1,sadcat,seed_words_052425.csv
unsociable,sociability,1,sadcat,seed_words_052425.csv
social,sociability,1,sadcat,seed_words_052425.csv
unsocial,sociability,1,sadcat,seed_words_052425.csv
warm,sociability,1,sadcat,seed_words_052425.csv
cold,sociability,1,sadcat,seed_words_052425.csv
outgoing,sociability,1,sadcat,seed_words_052425.csv
shy,sociability,1,sadcat,seed_words_052425.csv
unreserved,sociability,1,sadcat,seed_words_052425.csv
aloof,sociability,1,sadcat,seed_words_052425.csv
welcoming,sociability,1,sadcat,seed_words_052425.csv
rude,sociability,1,sadcat,seed_words_052425.csv
sympathetic,sociability,1,sadcat,seed_words_052425.csv
unsympathetic,sociability,1,sadcat,seed_words_052425.csv
humorous,sociability,1,sadcat,seed_words_052425.csv
boring,sociability,1,sadcat,seed_words_052425.csv
affectionate,sociability,1,sadcat,seed_words_052425.csv
unaffectionate,sociability,1,sadcat,seed_words_052425.csv
agreeable,sociability,1,sadcat,seed_words_052425.csv
disagreeable,sociability,1,sadcat,seed_words_052425.csv
forthcoming,sociability,1,sadcat,seed_words_052425.csv
distant,sociability,1,sadcat,seed_words_052425.csv
funny,sociability,1,sadcat,seed_words_052425.csv
unfunny,sociability,1,sadcat,seed_words_052425.csv
open,sociability,1,sadcat,seed_words_052425.csv
timid,sociability,1,sadcat,seed_words_052425.csv
likable,sociability,1,sadcat,seed_words_052425.csv
unlikable,sociability,1,sadcat,seed_words_052425.csv
pleasant,sociability,1,sadcat,seed_words_052425.csv
unpleasant,sociability,1,sadcat,seed_words_052425.csv
caring,sociability,1,sadcat,seed_words_052425.csv
uncaring,sociability,1,sadcat,seed_words_052425.csv
supportive,sociability,1,sadcat,seed_words_052425.csv
unsupportive,sociability,1,sadcat,seed_words_052425.csv
fair,morality,1,sadcat,seed_words_052425.csv
unfair,morality,1,sadcat,seed_words_052425.csv
moral,morality,1,sadcat,seed_words_052425.csv
immoral,morality,1,sadcat,seed_words_052425.csv
honest,morality,1,sadcat,seed_words_052425.csv
dishonest,morality,1,sadcat,seed_words_052425.csv
sincere,morality,1,sadcat,seed_words_052425.csv
insincere,morality,1,sadcat,seed_words_052425.csv
loyal,morality,1,sadcat,seed_words_052425.csv
disloyal,morality,1,sadcat,seed_words_052425.csv
benevolent,morality,1,sadcat,seed_words_052425.csv
evil,morality,1,sadcat,seed_words_052425.csv
compassionate,morality,1,sadcat,seed_words_052425.csv
brutal,morality,1,sadcat,seed_words_052425.csv
genuine,morality,1,sadcat,seed_words_052425.csv
fake,morality,1,sadcat,seed_words_052425.csv
honorable,morality,1,sadcat,seed_words_052425.csv
corrupt,morality,1,sadcat,seed_words_052425.csv
tolerant,morality,1,sadcat,seed_words_052425.csv
intolerant,morality,1,sadcat,seed_words_052425.csv
virtuous,morality,1,sadcat,seed_words_052425.csv
criminal,morality,1,sadcat,seed_words_052425.csv
unprejudiced,morality,1,sadcat,seed_words_052425.csv
prejudiced,morality,1,sadcat,seed_words_052425.csv
kind,morality,1,sadcat,seed_words_052425.csv
unkind,morality,1,sadcat,seed_words_052425.csv
altruistic,morality,1,sadcat,seed_words_052425.csv
selfish,morality,1,sadcat,seed_words_052425.csv
truthful,morality,1,sadcat,seed_words_052425.csv
liar,morality,1,sadcat,seed_words_052425.csv
faithful,morality,1,sadcat,seed_words_052425.csv
double-faced,morality,1,sadcat,seed_words_052425.csv
forgiving,morality,1,sadcat,seed_words_052425.csv
revengeful,morality,1,sadcat,seed_words_052425.csv
selfless,morality,1,sadcat,seed_words_052425.csv
egoistic,morality,1,sadcat,seed_words_052425.csv
generous,morality,1,sadcat,seed_words_052425.csv
exploitative,morality,1,sadcat,seed_words_052425.csv
confident,assertiveness,1,sadcat,seed_words_052425.csv
insecure,assertiveness,1,sadcat,seed_words_052425.csv
independent,assertiveness,1,sadcat,seed_words_052425.csv
dependent,assertiveness,1,sadcat,seed_words_052425.csv
ambitious,assertiveness,1,sadcat,seed_words_052425.csv
unambitious,assertiveness,1,sadcat,seed_words_052425.csv
assertive,assertiveness,1,sadcat,seed_words_052425.csv
unassertive,assertiveness,1,sadcat,seed_words_052425.csv
motivated,assertiveness,1,sadcat,seed_words_052425.csv
unmotivated,assertiveness,1,sadcat,seed_words_052425.csv
persistent,assertiveness,1,sadcat,seed_words_052425.csv
wavering,assertiveness,1,sadcat,seed_words_052425.csv
daring,assertiveness,1,sadcat,seed_words_052425.csv
cautious,assertiveness,1,sadcat,seed_words_052425.csv
impulsive,assertiveness,1,sadcat,seed_words_052425.csv
diffident,assertiveness,1,sadcat,seed_words_052425.csv
aggressive,assertiveness,1,sadcat,seed_words_052425.csv
docile,assertiveness,1,sadcat,seed_words_052425.csv
self-reliant,assertiveness,1,sadcat,seed_words_052425.csv
helpless,assertiveness,1,sadcat,seed_words_052425.csv
active,assertiveness,1,sadcat,seed_words_052425.csv
inactive,assertiveness,1,sadcat,seed_words_052425.csv
dedicated,assertiveness,1,sadcat,seed_words_052425.csv
lazy,assertiveness,1,sadcat,seed_words_052425.csv
determined,assertiveness,1,sadcat,seed_words_052425.csv
undedicated,assertiveness,1,sadcat,seed_words_052425.csv
resolute,assertiveness,1,sadcat,seed_words_052425.csv
lethargic,assertiveness,1,sadcat,seed_words_052425.csv
energetic,assertiveness,1,sadcat,seed_words_052425.csv
meek,assertiveness,1,sadcat,seed_words_052425.csv
resilient,assertiveness,1,sadcat,seed_words_052425.csv
nonresilient,assertiveness,1,sadcat,seed_words_052425.csv
self-confident,assertiveness,1,sadcat,seed_words_052425.csv
spiritless,assertiveness,1,sadcat,seed_words_052425.csv
secure,assertiveness,1,sadcat,seed_words_052425.csv
unconfident,assertiveness,1,sadcat,seed_words_052425.csv
conscientious,assertiveness,1,sadcat,seed_words_052425.csv
unenterprising,assertiveness,1,sadcat,seed_words_052425.csv
able,ability,1,sadcat,seed_words_052425.csv
unable,ability,1,sadcat,seed_words_052425.csv
bright,ability,1,sadcat,seed_words_052425.csv
dumb,ability,1,sadcat,seed_words_052425.csv
brilliant,ability,1,sadcat,seed_words_052425.csv
foolish,ability,1,sadcat,seed_words_052425.csv
capable,ability,1,sadcat,seed_words_052425.csv
incapable,ability,1,sadcat,seed_words_052425.csv
clever,ability,1,sadcat,seed_words_052425.csv
ignorant,ability,1,sadcat,seed_words_052425.csv
competent,ability,1,sadcat,seed_words_052425.csv
incompetent,ability,1,sadcat,seed_words_052425.csv
educated,ability,1,sadcat,seed_words_052425.csv
uneducated,ability,1,sadcat,seed_words_052425.csv
creative,ability,1,sadcat,seed_words_052425.csv
uncreative,ability,1,sadcat,seed_words_052425.csv
intelligent,ability,1,sadcat,seed_words_052425.csv
unintelligent,ability,1,sadcat,seed_words_052425.csv
smart,ability,1,sadcat,seed_words_052425.csv
stupid,ability,1,sadcat,seed_words_052425.csv
wise,ability,1,sadcat,seed_words_052425.csv
unwise,ability,1,sadcat,seed_words_052425.csv
skilled,ability,1,sadcat,seed_words_052425.csv
inept,ability,1,sadcat,seed_words_052425.csv
effective,ability,1,sadcat,seed_words_052425.csv
ineffective,ability,1,sadcat,seed_words_052425.csv
efficient,ability,1,sadcat,seed_words_052425.csv
inefficient,ability,1,sadcat,seed_words_052425.csv
imaginative,ability,1,sadcat,seed_words_052425.csv
unimaginative,ability,1,sadcat,seed_words_052425.csv
insightful,ability,1,sadcat,seed_words_052425.csv
naive,ability,1,sadcat,seed_words_052425.csv
rational,ability,1,sadcat,seed_words_052425.csv
irrational,ability,1,sadcat,seed_words_052425.csv
skillful,ability,1,sadcat,seed_words_052425.csv
clumsy,ability,1,sadcat,seed_words_052425.csv
logical,ability,1,sadcat,seed_words_052425.csv
illogical,ability,1,sadcat,seed_words_052425.csv
friendly,sociability,-1,sadcat,seed_words_052425.csv
unfriendly,sociability,-1,sadcat,seed_words_052425.csv
polite,sociability,-1,sadcat,seed_words_052425.csv
impolite,sociability,-1,sadcat,seed_words_052425.csv
sociable,sociability,-1,sadcat,seed_words_052425.csv
unsociable,sociability,-1,sadcat,seed_words_052425.csv
social,sociability,-1,sadcat,seed_words_052425.csv
unsocial,sociability,-1,sadcat,seed_words_052425.csv
warm,sociability,-1,sadcat,seed_words_052425.csv
cold,sociability,-1,sadcat,seed_words_052425.csv
outgoing,sociability,-1,sadcat,seed_words_052425.csv
shy,sociability,-1,sadcat,seed_words_052425.csv
unreserved,sociability,-1,sadcat,seed_words_052425.csv
aloof,sociability,-1,sadcat,seed_words_052425.csv
welcoming,sociability,-1,sadcat,seed_words_052425.csv
rude,sociability,-1,sadcat,seed_words_052425.csv
sympathetic,sociability,-1,sadcat,seed_words_052425.csv
unsympathetic,sociability,-1,sadcat,seed_words_052425.csv
humorous,sociability,-1,sadcat,seed_words_052425.csv
boring,sociability,-1,sadcat,seed_words_052425.csv
affectionate,sociability,-1,sadcat,seed_words_052425.csv
unaffectionate,sociability,-1,sadcat,seed_words_052425.csv
agreeable,sociability,-1,sadcat,seed_words_052425.csv
disagreeable,sociability,-1,sadcat,seed_words_052425.csv
forthcoming,sociability,-1,sadcat,seed_words_052425.csv
distant,sociability,-1,sadcat,seed_words_052425.csv
funny,sociability,-1,sadcat,seed_words_052425.csv
unfunny,sociability,-1,sadcat,seed_words_052425.csv
open,sociability,-1,sadcat,seed_words_052425.csv
timid,sociability,-1,sadcat,seed_words_052425.csv
likable,sociability,-1,sadcat,seed_words_052425.csv
unlikable,sociability,-1,sadcat,seed_words_052425.csv
pleasant,sociability,-1,sadcat,seed_words_052425.csv
unpleasant,sociability,-1,sadcat,seed_words_052425.csv
caring,sociability,-1,sadcat,seed_words_052425.csv
uncaring,sociability,-1,sadcat,seed_words_052425.csv
supportive,sociability,-1,sadcat,seed_words_052425.csv
unsupportive,sociability,-1,sadcat,seed_words_052425.csv
fair,morality,-1,sadcat,seed_words_052425.csv
unfair,morality,-1,sadcat,seed_words_052425.csv
moral,morality,-1,sadcat,seed_words_052425.csv
immoral,morality,-1,sadcat,seed_words_052425.csv
honest,morality,-1,sadcat,seed_words_052425.csv
dishonest,morality,-1,sadcat,seed_words_052425.csv
sincere,morality,-1,sadcat,seed_words_052425.csv
insincere,morality,-1,sadcat,seed_words_052425.csv
loyal,morality,-1,sadcat,seed_words_052425.csv
disloyal,morality,-1,sadcat,seed_words_052425.csv
benevolent,morality,-1,sadcat,seed_words_052425.csv
evil,morality,-1,sadcat,seed_words_052425.csv
compassionate,morality,-1,sadcat,seed_words_052425.csv
brutal,morality,-1,sadcat,seed_words_052425.csv
genuine,morality,-1,sadcat,seed_words_052425.csv
fake,morality,-1,sadcat,seed_words_052425.csv
honorable,morality,-1,sadcat,seed_words_052425.csv
corrupt,morality,-1,sadcat,seed_words_052425.csv
tolerant,morality,-1,sadcat,seed_words_052425.csv
intolerant,morality,-1,sadcat,seed_words_052425.csv
virtuous,morality,-1,sadcat,seed_words_052425.csv
criminal,morality,-1,sadcat,seed_words_052425.csv
unprejudiced,morality,-1,sadcat,seed_words_052425.csv
prejudiced,morality,-1,sadcat,seed_words_052425.csv
kind,morality,-1,sadcat,seed_words_052425.csv
unkind,morality,-1,sadcat,seed_words_052425.csv
altruistic,morality,-1,sadcat,seed_words_052425.csv
selfish,morality,-1,sadcat,seed_words_052425.csv
truthful,morality,-1,sadcat,seed_words_052425.csv
liar,morality,-1,sadcat,seed_words_052425.csv
faithful,morality,-1,sadcat,seed_words_052425.csv
double-faced,morality,-1,sadcat,seed_words_052425.csv
forgiving,morality,-1,sadcat,seed_words_052425.csv
revengeful,morality,-1,sadcat,seed_words_052425.csv
selfless,morality,-1,sadcat,seed_words_052425.csv
egoistic,morality,-1,sadcat,seed_words_052425.csv
generous,morality,-1,sadcat,seed_words_052425.csv
exploitative,morality,-1,sadcat,seed_words_052425.csv
confident,assertiveness,-1,sadcat,seed_words_052425.csv
insecure,assertiveness,-1,sadcat,seed_words_052425.csv
independent,assertiveness,-1,sadcat,seed_words_052425.csv
dependent,assertiveness,-1,sadcat,seed_words_052425.csv
ambitious,assertiveness,-1,sadcat,seed_words_052425.csv
unambitious,assertiveness,-1,sadcat,seed_words_052425.csv
assertive,assertiveness,-1,sadcat,seed_words_052425.csv
unassertive,assertiveness,-1,sadcat,seed_words_052425.csv
motivated,assertiveness,-1,sadcat,seed_words_052425.csv
unmotivated,assertiveness,-1,sadcat,seed_words_052425.csv
persistent,assertiveness,-1,sadcat,seed_words_052425.csv
wavering,assertiveness,-1,sadcat,seed_words_052425.csv
daring,assertiveness,-1,sadcat,seed_words_052425.csv
cautious,assertiveness,-1,sadcat,seed_words_052425.csv
impulsive,assertiveness,-1,sadcat,seed_words_052425.csv
diffident,assertiveness,-1,sadcat,seed_words_052425.csv
aggressive,assertiveness,-1,sadcat,seed_words_052425.csv
docile,assertiveness,-1,sadcat,seed_words_052425.csv
self-reliant,assertiveness,-1,sadcat,seed_words_052425.csv
helpless,assertiveness,-1,sadcat,seed_words_052425.csv
active,assertiveness,-1,sadcat,seed_words_052425.csv
inactive,assertiveness,-1,sadcat,seed_words_052425.csv
dedicated,assertiveness,-1,sadcat,seed_words_052425.csv
lazy,assertiveness,-1,sadcat,seed_words_052425.csv
determined,assertiveness,-1,sadcat,seed_words_052425.csv
undedicated,assertiveness,-1,sadcat,seed_words_052425.csv
resolute,assertiveness,-1,sadcat,seed_words_052425.csv
lethargic,assertiveness,-1,sadcat,seed_words_052425.csv
energetic,assertiveness,-1,sadcat,seed_words_052425.csv
meek,assertiveness,-1,sadcat,seed_words_052425.csv
resilient,assertiveness,-1,sadcat,seed_words_052425.csv
nonresilient,assertiveness,-1,sadcat,seed_words_052425.csv
self-confident,assertiveness,-1,sadcat,seed_words_052425.csv
spiritless,assertiveness,-1,sadcat,seed_words_052425.csv
secure,assertiveness,-1,sadcat,seed_words_052425.csv
unconfident,assertiveness,-1,sadcat,seed_words_052425.csv
conscientious,assertiveness,-1,sadcat,seed_words_052425.csv
unenterprising,assertiveness,-1,sadcat,seed_words_052425.csv
able,ability,-1,sadcat,seed_words_052425.csv
unable,ability,-1,sadcat,seed_words_052425.csv
bright,ability,-1,sadcat,seed_words_052425.csv
dumb,ability,-1,sadcat,seed_words_052425.csv
brilliant,ability,-1,sadcat,seed_words_052425.csv
foolish,ability,-1,sadcat,seed_words_052425.csv
capable,ability,-1,sadcat,seed_words_052425.csv
incapable,ability,-1,sadcat,seed_words_052425.csv
clever,ability,-1,sadcat,seed_words_052425.csv
ignorant,ability,-1,sadcat,seed_words_052425.csv
competent,ability,-1,sadcat,seed_words_052425.csv
incompetent,ability,-1,sadcat,seed_words_052425.csv
educated,ability,-1,sadcat,seed_words_052425.csv
uneducated,ability,-1,sadcat,seed_words_052425.csv
creative,ability,-1,sadcat,seed_words_052425.csv
uncreative,ability,-1,sadcat,seed_words_052425.csv
intelligent,ability,-1,sadcat,seed_words_052425.csv
unintelligent,ability,-1,sadcat,seed_words_052425.csv
smart,ability,-1,sadcat,seed_words_052425.csv
stupid,ability,-1,sadcat,seed_words_052425.csv
wise,ability,-1,sadcat,seed_words_052425.csv
unwise,ability,-1,sadcat,seed_words_052425.csv
skilled,ability,-1,sadcat,seed_words_052425.csv
inept,ability,-1,sadcat,seed_words_052425.csv
effective,ability,-1,sadcat,seed_words_052425.csv
ineffective,ability,-1,sadcat,seed_words_052425.csv
efficient,ability,-1,sadcat,seed_words_052425.csv
inefficient,ability,-1,sadcat,seed_words_052425.csv
imaginative,ability,-1,sadcat,seed_words_052425.csv
unimaginative,ability,-1,sadcat,seed_words_052425.csv
insightful,ability,-1,sadcat,seed_words_052425.csv
naive,ability,-1,sadcat,seed_words_052425.csv
rational,ability,-1,sadcat,seed_words_052425.csv
irrational,ability,-1,sadcat,seed_words_052425.csv
skillful,ability,-1,sadcat,seed_words_052425.csv
clumsy,ability,-1,sadcat,seed_words_052425.csv
logical,ability,-1,sadcat,seed_words_052425.csv
illogical,ability,-1,sadcat,seed_words_052425.csv
