word,dimension,valence,source_repo,source_file,keep
able,competence,1,fraser,BWS_annotations.csv,1
active,competence,1,fraser,BWS_annotations.csv,1
affectionate,competence,1,fraser,BWS_annotations.csv,1
aggressive,competence,1,fraser,BWS_annotations.csv,1
agreeable,competence,1,fraser,BWS_annotations.csv,1
aloof,competence,1,fraser,BWS_annotations.csv,1
altruistic,competence,1,fraser,BWS_annotations.csv,1
ambitious,competence,1,fraser,BWS_annotations.csv,1
amicable,competence,1,fraser,BWS_annotations.csv,1
antisocial,competence,1,fraser,BWS_annotations.csv,1
anxious,competence,1,fraser,BWS_annotations.csv,1
asocial,competence,1,fraser,BWS_annotations.csv,1
assertive,competence,1,fraser,BWS_annotations.csv,1
autonomous,competence,1,fraser,BWS_annotations.csv,1
bad,competence,1,fraser,BWS_annotations.csv,1
beneficent,competence,1,fraser,BWS_annotations.csv,1
benevolent,competence,1,fraser,BWS_annotations.csv,1
boring,competence,1,fraser,BWS_annotations.csv,1
bright,competence,1,fraser,BWS_annotations.csv,1
brilliant,competence,1,fraser,BWS_annotations.csv,1
brutal,competence,1,fraser,BWS_annotations.csv,1
capable,competence,1,fraser,BWS_annotations.csv,1
careless,competence,1,fraser,BWS_annotations.csv,1
caring,competence,1,fraser,BWS_annotations.csv,1
cautious,competence,1,fraser,BWS_annotations.csv,1
civil,competence,1,fraser,BWS_annotations.csv,1
clever,competence,1,fraser,BWS_annotations.csv,1
clumsy,competence,1,fraser,BWS_annotations.csv,1
cold,competence,1,fraser,BWS_annotations.csv,1
compassionate,competence,1,fraser,BWS_annotations.csv,1
competent,competence,1,fraser,BWS_annotations.csv,1
competitive,competence,1,fraser,BWS_annotations.csv,1
confident,competence,1,fraser,BWS_annotations.csv,1
conscientious,competence,1,fraser,BWS_annotations.csv,1
cooperative,competence,1,fraser,BWS_annotations.csv,1
corrupt,competence,1,fraser,BWS_annotations.csv,1
creative,competence,1,fraser,BWS_annotations.csv,1
criminal,competence,1,fraser,BWS_annotations.csv,1
critical,competence,1,fraser,BWS_annotations.csv,1
cunning,competence,1,fraser,BWS_annotations.csv,1
daring,competence,1,fraser,BWS_annotations.csv,1
dedicated,competence,1,fraser,BWS_annotations.csv,1
dependent,competence,1,fraser,BWS_annotations.csv,1
determined,competence,1,fraser,BWS_annotations.csv,1
diffident,competence,1,fraser,BWS_annotations.csv,1
disagreeable,competence,1,fraser,BWS_annotations.csv,1
discriminating,competence,1,fraser,BWS_annotations.csv,1
dishonest,competence,1,fraser,BWS_annotations.csv,1
dishonorable,competence,1,fraser,BWS_annotations.csv,1
disliked,competence,1,fraser,BWS_annotations.csv,1
disloyal,competence,1,fraser,BWS_annotations.csv,1
distant,competence,1,fraser,BWS_annotations.csv,1
docile,competence,1,fraser,BWS_annotations.csv,1
dominant,competence,1,fraser,BWS_annotations.csv,1
dominated,competence,1,fraser,BWS_annotations.csv,1
dominating,competence,1,fraser,BWS_annotations.csv,1
double-faced,competence,1,fraser,BWS_annotations.csv,1
dumb,competence,1,fraser,BWS_annotations.csv,1
educated,competence,1,fraser,BWS_annotations.csv,1
effective,competence,1,fraser,BWS_annotations.csv,1
efficient,competence,1,fraser,BWS_annotations.csv,1
egoistic,competence,1,fraser,BWS_annotations.csv,1
energetic,competence,1,fraser,BWS_annotations.csv,1
evil,competence,1,fraser,BWS_annotations.csv,1
exploitative,competence,1,fraser,BWS_annotations.csv,1
fair,competence,1,fraser,BWS_annotations.csv,1
faithful,competence,1,fraser,BWS_annotations.csv,1
fake,competence,1,fraser,BWS_annotations.csv,1
felicitous,competence,1,fraser,BWS_annotations.csv,1
foolish,competence,1,fraser,BWS_annotations.csv,1
forgiving,competence,1,fraser,BWS_annotations.csv,1
forthcoming,competence,1,fraser,BWS_annotations.csv,1
friendly,competence,1,fraser,BWS_annotations.csv,1
generous,competence,1,fraser,BWS_annotations.csv,1
genuine,competence,1,fraser,BWS_annotations.csv,1
good,competence,1,fraser,BWS_annotations.csv,1
good-natured,competence,1,fraser,BWS_annotations.csv,1
graceful,competence,1,fraser,BWS_annotations.csv,1
hardhearted,competence,1,fraser,BWS_annotations.csv,1
helpful,competence,1,fraser,BWS_annotations.csv,1
helpless,competence,1,fraser,BWS_annotations.csv,1
homophobic,competence,1,fraser,BWS_annotations.csv,1
honest,competence,1,fraser,BWS_annotations.csv,1
honorable,competence,1,fraser,BWS_annotations.csv,1
hospitable,competence,1,fraser,BWS_annotations.csv,1
hostile,competence,1,fraser,BWS_annotations.csv,1
humane,competence,1,fraser,BWS_annotations.csv,1
humorous,competence,1,fraser,BWS_annotations.csv,1
ignorant,competence,1,fraser,BWS_annotations.csv,1
illogical,competence,1,fraser,BWS_annotations.csv,1
imaginative,competence,1,fraser,BWS_annotations.csv,1
impolite,competence,1,fraser,BWS_annotations.csv,1
impractical,competence,1,fraser,BWS_annotations.csv,1
impulsive,competence,1,fraser,BWS_annotations.csv,1
inactive,competence,1,fraser,BWS_annotations.csv,1
incapable,competence,1,fraser,BWS_annotations.csv,1
incompetent,competence,1,fraser,BWS_annotations.csv,1
inconsiderate,competence,1,fraser,BWS_annotations.csv,1
incorrupt,competence,1,fraser,BWS_annotations.csv,1
independent,competence,1,fraser,BWS_annotations.csv,1
industrious,competence,1,fraser,BWS_annotations.csv,1
ineffective,competence,1,fraser,BWS_annotations.csv,1
inefficient,competence,1,fraser,BWS_annotations.csv,1
inept,competence,1,fraser,BWS_annotations.csv,1
inhospitable,competence,1,fraser,BWS_annotations.csv,1
innocent,competence,1,fraser,BWS_annotations.csv,1
insecure,competence,1,fraser,BWS_annotations.csv,1
insensitive,competence,1,fraser,BWS_annotations.csv,1
insightful,competence,1,fraser,BWS_annotations.csv,1
insincere,competence,1,fraser,BWS_annotations.csv,1
intelligent,competence,1,fraser,BWS_annotations.csv,1
intolerant,competence,1,fraser,BWS_annotations.csv,1
inventive,competence,1,fraser,BWS_annotations.csv,1
irrational,competence,1,fraser,BWS_annotations.csv,1
irresponsible,competence,1,fraser,BWS_annotations.csv,1
lazy,competence,1,fraser,BWS_annotations.csv,1
lethargic,competence,1,fraser,BWS_annotations.csv,1
likable,competence,1,fraser,BWS_annotations.csv,1
liked,competence,1,fraser,BWS_annotations.csv,1
logical,competence,1,fraser,BWS_annotations.csv,1
loyal,competence,1,fraser,BWS_annotations.csv,1
maladroit,competence,1,fraser,BWS_annotations.csv,1
mean,competence,1,fraser,BWS_annotations.csv,1
meek,competence,1,fraser,BWS_annotations.csv,1
meticulous,competence,1,fraser,BWS_annotations.csv,1
moral,competence,1,fraser,BWS_annotations.csv,1
motivated,competence,1,fraser,BWS_annotations.csv,1
naive,competence,1,fraser,BWS_annotations.csv,1
nasty,competence,1,fraser,BWS_annotations.csv,1
negligent,competence,1,fraser,BWS_annotations.csv,1
nice,competence,1,fraser,BWS_annotations.csv,1
nonresilient,competence,1,fraser,BWS_annotations.csv,1
open,competence,1,fraser,BWS_annotations.csv,1
outgoing,competence,1,fraser,BWS_annotations.csv,1
persistent,competence,1,fraser,BWS_annotations.csv,1
pleasant,competence,1,fraser,BWS_annotations.csv,1
polite,competence,1,fraser,BWS_annotations.csv,1
popular,competence,1,fraser,BWS_annotations.csv,1
practical,competence,1,fraser,BWS_annotations.csv,1
prejudiced,competence,1,fraser,BWS_annotations.csv,1
racist,competence,1,fraser,BWS_annotations.csv,1
rational,competence,1,fraser,BWS_annotations.csv,1
reliable,competence,1,fraser,BWS_annotations.csv,1
repellent,competence,1,fraser,BWS_annotations.csv,1
resilient,competence,1,fraser,BWS_annotations.csv,1
resolute,competence,1,fraser,BWS_annotations.csv,1
responsible,competence,1,fraser,BWS_annotations.csv,1
revengeful,competence,1,fraser,BWS_annotations.csv,1
right,competence,1,fraser,BWS_annotations.csv,1
rough,competence,1,fraser,BWS_annotations.csv,1
rude,competence,1,fraser,BWS_annotations.csv,1
scheming,competence,1,fraser,BWS_annotations.csv,1
secure,competence,1,fraser,BWS_annotations.csv,1
self-confident,competence,1,fraser,BWS_annotations.csv,1
self-reliant,competence,1,fraser,BWS_annotations.csv,1
selfish,competence,1,fraser,BWS_annotations.csv,1
selfless,competence,1,fraser,BWS_annotations.csv,1
sensitive,competence,1,fraser,BWS_annotations.csv,1
sentimental,competence,1,fraser,BWS_annotations.csv,1
sexist,competence,1,fraser,BWS_annotations.csv,1
shrewd,competence,1,fraser,BWS_annotations.csv,1
shy,competence,1,fraser,BWS_annotations.csv,1
sincere,competence,1,fraser,BWS_annotations.csv,1
skilled,competence,1,fraser,BWS_annotations.csv,1
skillful,competence,1,fraser,BWS_annotations.csv,1
smart,competence,1,fraser,BWS_annotations.csv,1
sociable,competence,1,fraser,BWS_annotations.csv,1
social,competence,1,fraser,BWS_annotations.csv,1
softhearted,competence,1,fraser,BWS_annotations.csv,1
spiritless,competence,1,fraser,BWS_annotations.csv,1
sporadic,competence,1,fraser,BWS_annotations.csv,1
stingy,competence,1,fraser,BWS_annotations.csv,1
stupid,competence,1,fraser,BWS_annotations.csv,1
submissive,competence,1,fraser,BWS_annotations.csv,1
supportive,competence,1,fraser,BWS_annotations.csv,1
sympathetic,competence,1,fraser,BWS_annotations.csv,1
tender,competence,1,fraser,BWS_annotations.csv,1
thoughtful,competence,1,fraser,BWS_annotations.csv,1
timid,competence,1,fraser,BWS_annotations.csv,1
tolerant,competence,1,fraser,BWS_annotations.csv,1
trustworthy,competence,1,fraser,BWS_annotations.csv,1
truthful,competence,1,fraser,BWS_annotations.csv,1
unable,competence,1,fraser,BWS_annotations.csv,1
unadventurous,competence,1,fraser,BWS_annotations.csv,1
unaffectionate,competence,1,fraser,BWS_annotations.csv,1
unambitious,competence,1,fraser,BWS_annotations.csv,1
unassertive,competence,1,fraser,BWS_annotations.csv,1
uncaring,competence,1,fraser,BWS_annotations.csv,1
uncompetitive,competence,1,fraser,BWS_annotations.csv,1
uncooperative,competence,1,fraser,BWS_annotations.csv,1
uncreative,competence,1,fraser,BWS_annotations.csv,1
undedicated,competence,1,fraser,BWS_annotations.csv,1
understanding,competence,1,fraser,BWS_annotations.csv,1
undiscriminating,competence,1,fraser,BWS_annotations.csv,1
uneducated,competence,1,fraser,BWS_annotations.csv,1
unenterprising,competence,1,fraser,BWS_annotations.csv,1
unfair,competence,1,fraser,BWS_annotations.csv,1
unfriendly,competence,1,fraser,BWS_annotations.csv,1
unhelpful,competence,1,fraser,BWS_annotations.csv,1
unimaginative,competence,1,fraser,BWS_annotations.csv,1
unintelligent,competence,1,fraser,BWS_annotations.csv,1
unlikable,competence,1,fraser,BWS_annotations.csv,1
unmotivated,competence,1,fraser,BWS_annotations.csv,1
unperceptive,competence,1,fraser,BWS_annotations.csv,1
unpopular,competence,1,fraser,BWS_annotations.csv,1
unprejudiced,competence,1,fraser,BWS_annotations.csv,1
unreliable,competence,1,fraser,BWS_annotations.csv,1
unreserved,competence,1,fraser,BWS_annotations.csv,1
unsociable,competence,1,fraser,BWS_annotations.csv,1
unsocial,competence,1,fraser,BWS_annotations.csv,1
unsupportive,competence,1,fraser,BWS_annotations.csv,1
unsympathetic,competence,1,fraser,BWS_annotations.csv,1
untroubled,competence,1,fraser,BWS_annotations.csv,1
untrustworthy,competence,1,fraser,BWS_annotations.csv,1
unwavering,competence,1,fraser,BWS_annotations.csv,1
unwise,competence,1,fraser,BWS_annotations.csv,1
vicious,competence,1,fraser,BWS_annotations.csv,1
virtuous,competence,1,fraser,BWS_annotations.csv,1
vulnerable,competence,1,fraser,BWS_annotations.csv,1
wavering,competence,1,fraser,BWS_annotations.csv,1
welcoming,competence,1,fraser,BWS_annotations.csv,1
wise,competence,1,fraser,BWS_annotations.csv,1
wrong,competence,1,fraser,BWS_annotations.csv,1
affectionate,warmth,1,fraser,BWS_annotations.csv,1
aggressive,warmth,1,fraser,BWS_annotations.csv,1
agreeable,warmth,1,fraser,BWS_annotations.csv,1
aloof,warmth,1,fraser,BWS_annotations.csv,1
altruistic,warmth,1,fraser,BWS_annotations.csv,1
ambitious,warmth,1,fraser,BWS_annotations.csv,1
amicable,warmth,1,fraser,BWS_annotations.csv,1
antisocial,warmth,1,fraser,BWS_annotations.csv,1
anxious,warmth,1,fraser,BWS_annotations.csv,1
asocial,warmth,1,fraser,BWS_annotations.csv,1
assertive,warmth,1,fraser,BWS_annotations.csv,1
autonomous,warmth,1,fraser,BWS_annotations.csv,1
bad,warmth,1,fraser,BWS_annotations.csv,1
beneficent,warmth,1,fraser,BWS_annotations.csv,1
benevolent,warmth,1,fraser,BWS_annotations.csv,1
boring,warmth,1,fraser,BWS_annotations.csv,1
bright,warmth,1,fraser,BWS_annotations.csv,1
brilliant,warmth,1,fraser,BWS_annotations.csv,1
brutal,warmth,1,fraser,BWS_annotations.csv,1
capable,warmth,1,fraser,BWS_annotations.csv,1
careless,warmth,1,fraser,BWS_annotations.csv,1
caring,warmth,1,fraser,BWS_annotations.csv,1
cautious,warmth,1,fraser,BWS_annotations.csv,1
civil,warmth,1,fraser,BWS_annotations.csv,1
clever,warmth,1,fraser,BWS_annotations.csv,1
clumsy,warmth,1,fraser,BWS_annotations.csv,1
cold,warmth,1,fraser,BWS_annotations.csv,1
compassionate,warmth,1,fraser,BWS_annotations.csv,1
competent,warmth,1,fraser,BWS_annotations.csv,1
competitive,warmth,1,fraser,BWS_annotations.csv,1
confident,warmth,1,fraser,BWS_annotations.csv,1
conscientious,warmth,1,fraser,BWS_annotations.csv,1
cooperative,warmth,1,fraser,BWS_annotations.csv,1
corrupt,warmth,1,fraser,BWS_annotations.csv,1
creative,warmth,1,fraser,BWS_annotations.csv,1
criminal,warmth,1,fraser,BWS_annotations.csv,1
critical,warmth,1,fraser,BWS_annotations.csv,1
cunning,warmth,1,fraser,BWS_annotations.csv,1
daring,warmth,1,fraser,BWS_annotations.csv,1
dedicated,warmth,1,fraser,BWS_annotations.csv,1
dependent,warmth,1,fraser,BWS_annotations.csv,1
determined,warmth,1,fraser,BWS_annotations.csv,1
diffident,warmth,1,fraser,BWS_annotations.csv,1
disagreeable,warmth,1,fraser,BWS_annotations.csv,1
discriminating,warmth,1,fraser,BWS_annotations.csv,1
dishonest,warmth,1,fraser,BWS_annotations.csv,1
dishonorable,warmth,1,fraser,BWS_annotations.csv,1
disliked,warmth,1,fraser,BWS_annotations.csv,1
disloyal,warmth,1,fraser,BWS_annotations.csv,1
distant,warmth,1,fraser,BWS_annotations.csv,1
docile,warmth,1,fraser,BWS_annotations.csv,1
dominant,warmth,1,fraser,BWS_annotations.csv,1
dominated,warmth,1,fraser,BWS_annotations.csv,1
dominating,warmth,1,fraser,BWS_annotations.csv,1
double-faced,warmth,1,fraser,BWS_annotations.csv,1
doubtful,warmth,1,fraser,BWS_annotations.csv,1
dumb,warmth,1,fraser,BWS_annotations.csv,1
educated,warmth,1,fraser,BWS_annotations.csv,1
effective,warmth,1,fraser,BWS_annotations.csv,1
efficient,warmth,1,fraser,BWS_annotations.csv,1
egoistic,warmth,1,fraser,BWS_annotations.csv,1
energetic,warmth,1,fraser,BWS_annotations.csv,1
evil,warmth,1,fraser,BWS_annotations.csv,1
exploitative,warmth,1,fraser,BWS_annotations.csv,1
fair,warmth,1,fraser,BWS_annotations.csv,1
faithful,warmth,1,fraser,BWS_annotations.csv,1
fake,warmth,1,fraser,BWS_annotations.csv,1
felicitous,warmth,1,fraser,BWS_annotations.csv,1
foolish,warmth,1,fraser,BWS_annotations.csv,1
forgiving,warmth,1,fraser,BWS_annotations.csv,1
forthcoming,warmth,1,fraser,BWS_annotations.csv,1
friendly,warmth,1,fraser,BWS_annotations.csv,1
funny,warmth,1,fraser,BWS_annotations.csv,1
generous,warmth,1,fraser,BWS_annotations.csv,1
genuine,warmth,1,fraser,BWS_annotations.csv,1
good,warmth,1,fraser,BWS_annotations.csv,1
good-natured,warmth,1,fraser,BWS_annotations.csv,1
graceful,warmth,1,fraser,BWS_annotations.csv,1
hardhearted,warmth,1,fraser,BWS_annotations.csv,1
helpful,warmth,1,fraser,BWS_annotations.csv,1
helpless,warmth,1,fraser,BWS_annotations.csv,1
homophobic,warmth,1,fraser,BWS_annotations.csv,1
honest,warmth,1,fraser,BWS_annotations.csv,1
honorable,warmth,1,fraser,BWS_annotations.csv,1
hospitable,warmth,1,fraser,BWS_annotations.csv,1
hostile,warmth,1,fraser,BWS_annotations.csv,1
humane,warmth,1,fraser,BWS_annotations.csv,1
humorous,warmth,1,fraser,BWS_annotations.csv,1
ignorant,warmth,1,fraser,BWS_annotations.csv,1
illogical,warmth,1,fraser,BWS_annotations.csv,1
imaginative,warmth,1,fraser,BWS_annotations.csv,1
immoral,warmth,1,fraser,BWS_annotations.csv,1
impolite,warmth,1,fraser,BWS_annotations.csv,1
impractical,warmth,1,fraser,BWS_annotations.csv,1
impulsive,warmth,1,fraser,BWS_annotations.csv,1
inactive,warmth,1,fraser,BWS_annotations.csv,1
incapable,warmth,1,fraser,BWS_annotations.csv,1
incompetent,warmth,1,fraser,BWS_annotations.csv,1
inconsiderate,warmth,1,fraser,BWS_annotations.csv,1
incorrupt,warmth,1,fraser,BWS_annotations.csv,1
independent,warmth,1,fraser,BWS_annotations.csv,1
industrious,warmth,1,fraser,BWS_annotations.csv,1
ineffective,warmth,1,fraser,BWS_annotations.csv,1
inefficient,warmth,1,fraser,BWS_annotations.csv,1
inept,warmth,1,fraser,BWS_annotations.csv,1
inhospitable,warmth,1,fraser,BWS_annotations.csv,1
innocent,warmth,1,fraser,BWS_annotations.csv,1
insecure,warmth,1,fraser,BWS_annotations.csv,1
insensitive,warmth,1,fraser,BWS_annotations.csv,1
insightful,warmth,1,fraser,BWS_annotations.csv,1
insincere,warmth,1,fraser,BWS_annotations.csv,1
intelligent,warmth,1,fraser,BWS_annotations.csv,1
intolerant,warmth,1,fraser,BWS_annotations.csv,1
inventive,warmth,1,fraser,BWS_annotations.csv,1
irresponsible,warmth,1,fraser,BWS_annotations.csv,1
kind,warmth,1,fraser,BWS_annotations.csv,1
lazy,warmth,1,fraser,BWS_annotations.csv,1
lenient,warmth,1,fraser,BWS_annotations.csv,1
lethargic,warmth,1,fraser,BWS_annotations.csv,1
likable,warmth,1,fraser,BWS_annotations.csv,1
liked,warmth,1,fraser,BWS_annotations.csv,1
logical,warmth,1,fraser,BWS_annotations.csv,1
loyal,warmth,1,fraser,BWS_annotations.csv,1
maladroit,warmth,1,fraser,BWS_annotations.csv,1
mean,warmth,1,fraser,BWS_annotations.csv,1
meek,warmth,1,fraser,BWS_annotations.csv,1
meticulous,warmth,1,fraser,BWS_annotations.csv,1
moral,warmth,1,fraser,BWS_annotations.csv,1
motivated,warmth,1,fraser,BWS_annotations.csv,1
naive,warmth,1,fraser,BWS_annotations.csv,1
nasty,warmth,1,fraser,BWS_annotations.csv,1
negligent,warmth,1,fraser,BWS_annotations.csv,1
nice,warmth,1,fraser,BWS_annotations.csv,1
nonresilient,warmth,1,fraser,BWS_annotations.csv,1
open,warmth,1,fraser,BWS_annotations.csv,1
outgoing,warmth,1,fraser,BWS_annotations.csv,1
persistent,warmth,1,fraser,BWS_annotations.csv,1
pleasant,warmth,1,fraser,BWS_annotations.csv,1
polite,warmth,1,fraser,BWS_annotations.csv,1
popular,warmth,1,fraser,BWS_annotations.csv,1
practical,warmth,1,fraser,BWS_annotations.csv,1
prejudiced,warmth,1,fraser,BWS_annotations.csv,1
racist,warmth,1,fraser,BWS_annotations.csv,1
rational,warmth,1,fraser,BWS_annotations.csv,1
reliable,warmth,1,fraser,BWS_annotations.csv,1
repellent,warmth,1,fraser,BWS_annotations.csv,1
resentful,warmth,1,fraser,BWS_annotations.csv,1
resilient,warmth,1,fraser,BWS_annotations.csv,1
resolute,warmth,1,fraser,BWS_annotations.csv,1
responsible,warmth,1,fraser,BWS_annotations.csv,1
revengeful,warmth,1,fraser,BWS_annotations.csv,1
right,warmth,1,fraser,BWS_annotations.csv,1
rough,warmth,1,fraser,BWS_annotations.csv,1
rude,warmth,1,fraser,BWS_annotations.csv,1
scheming,warmth,1,fraser,BWS_annotations.csv,1
secure,warmth,1,fraser,BWS_annotations.csv,1
self-confident,warmth,1,fraser,BWS_annotations.csv,1
self-reliant,warmth,1,fraser,BWS_annotations.csv,1
selfish,warmth,1,fraser,BWS_annotations.csv,1
selfless,warmth,1,fraser,BWS_annotations.csv,1
sensitive,warmth,1,fraser,BWS_annotations.csv,1
sentimental,warmth,1,fraser,BWS_annotations.csv,1
sexist,warmth,1,fraser,BWS_annotations.csv,1
shrewd,warmth,1,fraser,BWS_annotations.csv,1
shy,warmth,1,fraser,BWS_annotations.csv,1
sincere,warmth,1,fraser,BWS_annotations.csv,1
skilled,warmth,1,fraser,BWS_annotations.csv,1
skillful,warmth,1,fraser,BWS_annotations.csv,1
smart,warmth,1,fraser,BWS_annotations.csv,1
sociable,warmth,1,fraser,BWS_annotations.csv,1
social,warmth,1,fraser,BWS_annotations.csv,1
softhearted,warmth,1,fraser,BWS_annotations.csv,1
spiritless,warmth,1,fraser,BWS_annotations.csv,1
sporadic,warmth,1,fraser,BWS_annotations.csv,1
stingy,warmth,1,fraser,BWS_annotations.csv,1
stupid,warmth,1,fraser,BWS_annotations.csv,1
supportive,warmth,1,fraser,BWS_annotations.csv,1
sympathetic,warmth,1,fraser,BWS_annotations.csv,1
tender,warmth,1,fraser,BWS_annotations.csv,1
thoughtful,warmth,1,fraser,BWS_annotations.csv,1
timid,warmth,1,fraser,BWS_annotations.csv,1
tolerant,warmth,1,fraser,BWS_annotations.csv,1
treacherous,warmth,1,fraser,BWS_annotations.csv,1
trustworthy,warmth,1,fraser,BWS_annotations.csv,1
truthful,warmth,1,fraser,BWS_annotations.csv,1
unable,warmth,1,fraser,BWS_annotations.csv,1
unadventurous,warmth,1,fraser,BWS_annotations.csv,1
unaffectionate,warmth,1,fraser,BWS_annotations.csv,1
unambitious,warmth,1,fraser,BWS_annotations.csv,1
unassertive,warmth,1,fraser,BWS_annotations.csv,1
uncaring,warmth,1,fraser,BWS_annotations.csv,1
uncompetitive,warmth,1,fraser,BWS_annotations.csv,1
uncooperative,warmth,1,fraser,BWS_annotations.csv,1
uncreative,warmth,1,fraser,BWS_annotations.csv,1
undedicated,warmth,1,fraser,BWS_annotations.csv,1
understanding,warmth,1,fraser,BWS_annotations.csv,1
undiscriminating,warmth,1,fraser,BWS_annotations.csv,1
uneducated,warmth,1,fraser,BWS_annotations.csv,1
unenterprising,warmth,1,fraser,BWS_annotations.csv,1
unfair,warmth,1,fraser,BWS_annotations.csv,1
unforgiving,warmth,1,fraser,BWS_annotations.csv,1
unfriendly,warmth,1,fraser,BWS_annotations.csv,1
unhelpful,warmth,1,fraser,BWS_annotations.csv,1
unimaginative,warmth,1,fraser,BWS_annotations.csv,1
unintelligent,warmth,1,fraser,BWS_annotations.csv,1
unkind,warmth,1,fraser,BWS_annotations.csv,1
unlikable,warmth,1,fraser,BWS_annotations.csv,1
unmotivated,warmth,1,fraser,BWS_annotations.csv,1
unperceptive,warmth,1,fraser,BWS_annotations.csv,1
unpleasant,warmth,1,fraser,BWS_annotations.csv,1
unpopular,warmth,1,fraser,BWS_annotations.csv,1
unprejudiced,warmth,1,fraser,BWS_annotations.csv,1
unreliable,warmth,1,fraser,BWS_annotations.csv,1
unreserved,warmth,1,fraser,BWS_annotations.csv,1
unsociable,warmth,1,fraser,BWS_annotations.csv,1
unsocial,warmth,1,fraser,BWS_annotations.csv,1
unsupportive,warmth,1,fraser,BWS_annotations.csv,1
unsympathetic,warmth,1,fraser,BWS_annotations.csv,1
untroubled,warmth,1,fraser,BWS_annotations.csv,1
untrustworthy,warmth,1,fraser,BWS_annotations.csv,1
untruthful,warmth,1,fraser,BWS_annotations.csv,1
unwavering,warmth,1,fraser,BWS_annotations.csv,1
unwise,warmth,1,fraser,BWS_annotations.csv,1
vicious,warmth,1,fraser,BWS_annotations.csv,1
virtuous,warmth,1,fraser,BWS_annotations.csv,1
vulnerable,warmth,1,fraser,BWS_annotations.csv,1
warm,warmth,1,fraser,BWS_annotations.csv,1
wavering,warmth,1,fraser,BWS_annotations.csv,1
welcoming,warmth,1,fraser,BWS_annotations.csv,1
wise,warmth,1,fraser,BWS_annotations.csv,1
wrong,warmth,1,fraser,BWS_annotations.csv,1
able,ability,1,sadcat,seed_words_052425.csv,0
bright,ability,1,sadcat,seed_words_052425.csv,0
brilliant,ability,1,sadcat,seed_words_052425.csv,0
capable,ability,1,sadcat,seed_words_052425.csv,0
clever,ability,1,sadcat,seed_words_052425.csv,0
clumsy,ability,1,sadcat,seed_words_052425.csv,0
competent,ability,1,sadcat,seed_words_052425.csv,0
creative,ability,1,sadcat,seed_words_052425.csv,0
dumb,ability,1,sadcat,seed_words_052425.csv,0
educated,ability,1,sadcat,seed_words_052425.csv,0
effective,ability,1,sadcat,seed_words_052425.csv,0
efficient,ability,1,sadcat,seed_words_052425.csv,0
foolish,ability,1,sadcat,seed_words_052425.csv,0
ignorant,ability,1,sadcat,seed_words_052425.csv,0
illogical,ability,1,sadcat,seed_words_052425.csv,0
imaginative,ability,1,sadcat,seed_words_052425.csv,0
incapable,ability,1,sadcat,seed_words_052425.csv,0
incompetent,ability,1,sadcat,seed_words_052425.csv,0
ineffective,ability,1,sadcat,seed_words_052425.csv,0
inefficient,ability,1,sadcat,seed_words_052425.csv,0
inept,ability,1,sadcat,seed_words_052425.csv,0
insightful,ability,1,sadcat,seed_words_052425.csv,0
intelligent,ability,1,sadcat,seed_words_052425.csv,0
irrational,ability,1,sadcat,seed_words_052425.csv,0
logical,ability,1,sadcat,seed_words_052425.csv,0
naive,ability,1,sadcat,seed_words_052425.csv,0
rational,ability,1,sadcat,seed_words_052425.csv,0
skilled,ability,1,sadcat,seed_words_052425.csv,0
skillful,ability,1,sadcat,seed_words_052425.csv,0
smart,ability,1,sadcat,seed_words_052425.csv,0
stupid,ability,1,sadcat,seed_words_052425.csv,0
unable,ability,1,sadcat,seed_words_052425.csv,0
uncreative,ability,1,sadcat,seed_words_052425.csv,0
uneducated,ability,1,sadcat,seed_words_052425.csv,0
unimaginative,ability,1,sadcat,seed_words_052425.csv,0
unintelligent,ability,1,sadcat,seed_words_052425.csv,0
unwise,ability,1,sadcat,seed_words_052425.csv,0
wise,ability,1,sadcat,seed_words_052425.csv,0
able,ability,-1,sadcat,seed_words_052425.csv,0
bright,ability,-1,sadcat,seed_words_052425.csv,0
brilliant,ability,-1,sadcat,seed_words_052425.csv,0
capable,ability,-1,sadcat,seed_words_052425.csv,0
clever,ability,-1,sadcat,seed_words_052425.csv,0
clumsy,ability,-1,sadcat,seed_words_052425.csv,0
competent,ability,-1,sadcat,seed_words_052425.csv,0
creative,ability,-1,sadcat,seed_words_052425.csv,0
dumb,ability,-1,sadcat,seed_words_052425.csv,0
educated,ability,-1,sadcat,seed_words_052425.csv,0
effective,ability,-1,sadcat,seed_words_052425.csv,0
efficient,ability,-1,sadcat,seed_words_052425.csv,0
foolish,ability,-1,sadcat,seed_words_052425.csv,0
ignorant,ability,-1,sadcat,seed_words_052425.csv,0
illogical,ability,-1,sadcat,seed_words_052425.csv,0
imaginative,ability,-1,sadcat,seed_words_052425.csv,0
incapable,ability,-1,sadcat,seed_words_052425.csv,0
incompetent,ability,-1,sadcat,seed_words_052425.csv,0
ineffective,ability,-1,sadcat,seed_words_052425.csv,0
inefficient,ability,-1,sadcat,seed_words_052425.csv,0
inept,ability,-1,sadcat,seed_words_052425.csv,0
insightful,ability,-1,sadcat,seed_words_052425.csv,0
intelligent,ability,-1,sadcat,seed_words_052425.csv,0
irrational,ability,-1,sadcat,seed_words_052425.csv,0
logical,ability,-1,sadcat,seed_words_052425.csv,0
naive,ability,-1,sadcat,seed_words_052425.csv,0
rational,ability,-1,sadcat,seed_words_052425.csv,0
skilled,ability,-1,sadcat,seed_words_052425.csv,0
skillful,ability,-1,sadcat,seed_words_052425.csv,0
smart,ability,-1,sadcat,seed_words_052425.csv,0
stupid,ability,-1,sadcat,seed_words_052425.csv,0
unable,ability,-1,sadcat,seed_words_052425.csv,0
uncreative,ability,-1,sadcat,seed_words_052425.csv,0
uneducated,ability,-1,sadcat,seed_words_052425.csv,0
unimaginative,ability,-1,sadcat,seed_words_052425.csv,0
unintelligent,ability,-1,sadcat,seed_words_052425.csv,0
unwise,ability,-1,sadcat,seed_words_052425.csv,0
wise,ability,-1,sadcat,seed_words_052425.csv,0
active,assertiveness,1,sadcat,seed_words_052425.csv,0
aggressive,assertiveness,1,sadcat,seed_words_052425.csv,0
ambitious,assertiveness,1,sadcat,seed_words_052425.csv,0
assertive,assertiveness,1,sadcat,seed_words_052425.csv,0
cautious,assertiveness,1,sadcat,seed_words_052425.csv,0
confident,assertiveness,1,sadcat,seed_words_052425.csv,0
conscientious,assertiveness,1,sadcat,seed_words_052425.csv,0
daring,assertiveness,1,sadcat,seed_words_052425.csv,0
dedicated,assertiveness,1,sadcat,seed_words_052425.csv,0
dependent,assertiveness,1,sadcat,seed_words_052425.csv,0
determined,assertiveness,1,sadcat,seed_words_052425.csv,0
diffident,assertiveness,1,sadcat,seed_words_052425.csv,0
docile,assertiveness,1,sadcat,seed_words_052425.csv,0
energetic,assertiveness,1,sadcat,seed_words_052425.csv,0
helpless,assertiveness,1,sadcat,seed_words_052425.csv,0
impulsive,assertiveness,1,sadcat,seed_words_052425.csv,0
inactive,assertiveness,1,sadcat,seed_words_052425.csv,0
independent,assertiveness,1,sadcat,seed_words_052425.csv,0
insecure,assertiveness,1,sadcat,seed_words_052425.csv,0
lazy,assertiveness,1,sadcat,seed_words_052425.csv,0
lethargic,assertiveness,1,sadcat,seed_words_052425.csv,0
meek,assertiveness,1,sadcat,seed_words_052425.csv,0
motivated,assertiveness,1,sadcat,seed_words_052425.csv,0
nonresilient,assertiveness,1,sadcat,seed_words_052425.csv,0
persistent,assertiveness,1,sadcat,seed_words_052425.csv,0
resilient,assertiveness,1,sadcat,seed_words_052425.csv,0
resolute,assertiveness,1,sadcat,seed_words_052425.csv,0
secure,assertiveness,1,sadcat,seed_words_052425.csv,0
self-confident,assertiveness,1,sadcat,seed_words_052425.csv,0
self-reliant,assertiveness,1,sadcat,seed_words_052425.csv,0
spiritless,assertiveness,1,sadcat,seed_words_052425.csv,0
unambitious,assertiveness,1,sadcat,seed_words_052425.csv,0
unassertive,assertiveness,1,sadcat,seed_words_052425.csv,0
unconfident,assertiveness,1,sadcat,seed_words_052425.csv,0
undedicated,assertiveness,1,sadcat,seed_words_052425.csv,0
unenterprising,assertiveness,1,sadcat,seed_words_052425.csv,0
unmotivated,assertiveness,1,sadcat,seed_words_052425.csv,0
wavering,assertiveness,1,sadcat,seed_words_052425.csv,0
active,assertiveness,-1,sadcat,seed_words_052425.csv,0
aggressive,assertiveness,-1,sadcat,seed_words_052425.csv,0
ambitious,assertiveness,-1,sadcat,seed_words_052425.csv,0
assertive,assertiveness,-1,sadcat,seed_words_052425.csv,0
cautious,assertiveness,-1,sadcat,seed_words_052425.csv,0
confident,assertiveness,-1,sadcat,seed_words_052425.csv,0
conscientious,assertiveness,-1,sadcat,seed_words_052425.csv,0
daring,assertiveness,-1,sadcat,seed_words_052425.csv,0
dedicated,assertiveness,-1,sadcat,seed_words_052425.csv,0
dependent,assertiveness,-1,sadcat,seed_words_052425.csv,0
determined,assertiveness,-1,sadcat,seed_words_052425.csv,0
diffident,assertiveness,-1,sadcat,seed_words_052425.csv,0
docile,assertiveness,-1,sadcat,seed_words_052425.csv,0
energetic,assertiveness,-1,sadcat,seed_words_052425.csv,0
helpless,assertiveness,-1,sadcat,seed_words_052425.csv,0
impulsive,assertiveness,-1,sadcat,seed_words_052425.csv,0
inactive,assertiveness,-1,sadcat,seed_words_052425.csv,0
independent,assertiveness,-1,sadcat,seed_words_052425.csv,0
insecure,assertiveness,-1,sadcat,seed_words_052425.csv,0
lazy,assertiveness,-1,sadcat,seed_words_052425.csv,0
lethargic,assertiveness,-1,sadcat,seed_words_052425.csv,0
meek,assertiveness,-1,sadcat,seed_words_052425.csv,0
motivated,assertiveness,-1,sadcat,seed_words_052425.csv,0
nonresilient,assertiveness,-1,sadcat,seed_words_052425.csv,0
persistent,assertiveness,-1,sadcat,seed_words_052425.csv,0
resilient,assertiveness,-1,sadcat,seed_words_052425.csv,0
resolute,assertiveness,-1,sadcat,seed_words_052425.csv,0
secure,assertiveness,-1,sadcat,seed_words_052425.csv,0
self-confident,assertiveness,-1,sadcat,seed_words_052425.csv,0
self-reliant,assertiveness,-1,sadcat,seed_words_052425.csv,0
spiritless,assertiveness,-1,sadcat,seed_words_052425.csv,0
unambitious,assertiveness,-1,sadcat,seed_words_052425.csv,0
unassertive,assertiveness,-1,sadcat,seed_words_052425.csv,0
unconfident,assertiveness,-1,sadcat,seed_words_052425.csv,0
undedicated,assertiveness,-1,sadcat,seed_words_052425.csv,0
unenterprising,assertiveness,-1,sadcat,seed_words_052425.csv,0
unmotivated,assertiveness,-1,sadcat,seed_words_052425.csv,0
wavering,assertiveness,-1,sadcat,seed_words_052425.csv,0
altruistic,morality,1,sadcat,seed_words_052425.csv,0
benevolent,morality,1,sadcat,seed_words_052425.csv,0
brutal,morality,1,sadcat,seed_words_052425.csv,0
compassionate,morality,1,sadcat,seed_words_052425.csv,0
corrupt,morality,1,sadcat,seed_words_052425.csv,0
criminal,morality,1,sadcat,seed_words_052425.csv,0
dishonest,morality,1,sadcat,seed_words_052425.csv,0
disloyal,morality,1,sadcat,seed_words_052425.csv,0
double-faced,morality,1,sadcat,seed_words_052425.csv,0
egoistic,morality,1,sadcat,seed_words_052425.csv,0
evil,morality,1,sadcat,seed_words_052425.csv,0
exploitative,morality,1,sadcat,seed_words_052425.csv,0
fair,morality,1,sadcat,seed_words_052425.csv,0
faithful,morality,1,sadcat,seed_words_052425.csv,0
fake,morality,1,sadcat,seed_words_052425.csv,0
forgiving,morality,1,sadcat,seed_words_052425.csv,0
generous,morality,1,sadcat,seed_words_052425.csv,0
genuine,morality,1,sadcat,seed_words_052425.csv,0
honest,morality,1,sadcat,seed_words_052425.csv,0
honorable,morality,1,sadcat,seed_words_052425.csv,0
immoral,morality,1,sadcat,seed_words_052425.csv,0
insincere,morality,1,sadcat,seed_words_052425.csv,0
intolerant,morality,1,sadcat,seed_words_052425.csv,0
kind,morality,1,sadcat,seed_words_052425.csv,0
liar,morality,1,sadcat,seed_words_052425.csv,0
loyal,morality,1,sadcat,seed_words_052425.csv,0
moral,morality,1,sadcat,seed_words_052425.csv,0
prejudiced,morality,1,sadcat,seed_words_052425.csv,0
revengeful,morality,1,sadcat,seed_words_052425.csv,0
selfish,morality,1,sadcat,seed_words_052425.csv,0
selfless,morality,1,sadcat,seed_words_052425.csv,0
sincere,morality,1,sadcat,seed_words_052425.csv,0
tolerant,morality,1,sadcat,seed_words_052425.csv,0
truthful,morality,1,sadcat,seed_words_052425.csv,0
unfair,morality,1,sadcat,seed_words_052425.csv,0
unkind,morality,1,sadcat,seed_words_052425.csv,0
unprejudiced,morality,1,sadcat,seed_words_052425.csv,0
virtuous,morality,1,sadcat,seed_words_052425.csv,0
altruistic,morality,-1,sadcat,seed_words_052425.csv,0
benevolent,morality,-1,sadcat,seed_words_052425.csv,0
brutal,morality,-1,sadcat,seed_words_052425.csv,0
compassionate,morality,-1,sadcat,seed_words_052425.csv,0
corrupt,morality,-1,sadcat,seed_words_052425.csv,0
criminal,morality,-1,sadcat,seed_words_052425.csv,0
dishonest,morality,-1,sadcat,seed_words_052425.csv,0
disloyal,morality,-1,sadcat,seed_words_052425.csv,0
double-faced,morality,-1,sadcat,seed_words_052425.csv,0
egoistic,morality,-1,sadcat,seed_words_052425.csv,0
evil,morality,-1,sadcat,seed_words_052425.csv,0
exploitative,morality,-1,sadcat,seed_words_052425.csv,0
fair,morality,-1,sadcat,seed_words_052425.csv,0
faithful,morality,-1,sadcat,seed_words_052425.csv,0
fake,morality,-1,sadcat,seed_words_052425.csv,0
forgiving,morality,-1,sadcat,seed_words_052425.csv,0
generous,morality,-1,sadcat,seed_words_052425.csv,0
genuine,morality,-1,sadcat,seed_words_052425.csv,0
honest,morality,-1,sadcat,seed_words_052425.csv,0
honorable,morality,-1,sadcat,seed_words_052425.csv,0
immoral,morality,-1,sadcat,seed_words_052425.csv,0
insincere,morality,-1,sadcat,seed_words_052425.csv,0
intolerant,morality,-1,sadcat,seed_words_052425.csv,0
kind,morality,-1,sadcat,seed_words_052425.csv,0
liar,morality,-1,sadcat,seed_words_052425.csv,0
loyal,morality,-1,sadcat,seed_words_052425.csv,0
moral,morality,-1,sadcat,seed_words_052425.csv,0
prejudiced,morality,-1,sadcat,seed_words_052425.csv,0
revengeful,morality,-1,sadcat,seed_words_052425.csv,0
selfish,morality,-1,sadcat,seed_words_052425.csv,0
selfless,morality,-1,sadcat,seed_words_052425.csv,0
sincere,morality,-1,sadcat,seed_words_052425.csv,0
tolerant,morality,-1,sadcat,seed_words_052425.csv,0
truthful,morality,-1,sadcat,seed_words_052425.csv,0
unfair,morality,-1,sadcat,seed_words_052425.csv,0
unkind,morality,-1,sadcat,seed_words_052425.csv,0
unprejudiced,morality,-1,sadcat,seed_words_052425.csv,0
virtuous,morality,-1,sadcat,seed_words_052425.csv,0
affectionate,sociability,1,sadcat,seed_words_052425.csv,0
agreeable,sociability,1,sadcat,seed_words_052425.csv,0
aloof,sociability,1,sadcat,seed_words_052425.csv,0
boring,sociability,1,sadcat,seed_words_052425.csv,0
caring,sociability,1,sadcat,seed_words_052425.csv,0
cold,sociability,1,sadcat,seed_words_052425.csv,0
disagreeable,sociability,1,sadcat,seed_words_052425.csv,0
distant,sociability,1,sadcat,seed_words_052425.csv,0
forthcoming,sociability,1,sadcat,seed_words_052425.csv,0
friendly,sociability,1,sadcat,seed_words_052425.csv,0
funny,sociability,1,sadcat,seed_words_052425.csv,0
humorous,sociability,1,sadcat,seed_words_052425.csv,0
impolite,sociability,1,sadcat,seed_words_052425.csv,0
likable,sociability,1,sadcat,seed_words_052425.csv,0
open,sociability,1,sadcat,seed_words_052425.csv,0
outgoing,sociability,1,sadcat,seed_words_052425.csv,0
pleasant,sociability,1,sadcat,seed_words_052425.csv,0
polite,sociability,1,sadcat,seed_words_052425.csv,0
rude,sociability,1,sadcat,seed_words_052425.csv,0
shy,sociability,1,sadcat,seed_words_052425.csv,0
sociable,sociability,1,sadcat,seed_words_052425.csv,0
social,sociability,1,sadcat,seed_words_052425.csv,0
supportive,sociability,1,sadcat,seed_words_052425.csv,0
sympathetic,sociability,1,sadcat,seed_words_052425.csv,0
timid,sociability,1,sadcat,seed_words_052425.csv,0
unaffectionate,sociability,1,sadcat,seed_words_052425.csv,0
uncaring,sociability,1,sadcat,seed_words_052425.csv,0
unfriendly,sociability,1,sadcat,seed_words_052425.csv,0
unfunny,sociability,1,sadcat,seed_words_052425.csv,0
unlikable,sociability,1,sadcat,seed_words_052425.csv,0
unpleasant,sociability,1,sadcat,seed_words_052425.csv,0
unreserved,sociability,1,sadcat,seed_words_052425.csv,0
unsociable,sociability,1,sadcat,seed_words_052425.csv,0
unsocial,sociability,1,sadcat,seed_words_052425.csv,0
unsupportive,sociability,1,sadcat,seed_words_052425.csv,0
unsympathetic,sociability,1,sadcat,seed_words_052425.csv,0
warm,sociability,1,sadcat,seed_words_052425.csv,0
welcoming,sociability,1,sadcat,seed_words_052425.csv,0
affectionate,sociability,-1,sadcat,seed_words_052425.csv,0
agreeable,sociability,-1,sadcat,seed_words_052425.csv,0
aloof,sociability,-1,sadcat,seed_words_052425.csv,0
boring,sociability,-1,sadcat,seed_words_052425.csv,0
caring,sociability,-1,sadcat,seed_words_052425.csv,0
cold,sociability,-1,sadcat,seed_words_052425.csv,0
disagreeable,sociability,-1,sadcat,seed_words_052425.csv,0
distant,sociability,-1,sadcat,seed_words_052425.csv,0
forthcoming,sociability,-1,sadcat,seed_words_052425.csv,0
friendly,sociability,-1,sadcat,seed_words_052425.csv,0
funny,sociability,-1,sadcat,seed_words_052425.csv,0
humorous,sociability,-1,sadcat,seed_words_052425.csv,0
impolite,sociability,-1,sadcat,seed_words_052425.csv,0
likable,sociability,-1,sadcat,seed_words_052425.csv,0
open,sociability,-1,sadcat,seed_words_052425.csv,0
outgoing,sociability,-1,sadcat,seed_words_052425.csv,0
pleasant,sociability,-1,sadcat,seed_words_052425.csv,0
polite,sociability,-1,sadcat,seed_words_052425.csv,0
rude,sociability,-1,sadcat,seed_words_052425.csv,0
shy,sociability,-1,sadcat,seed_words_052425.csv,0
sociable,sociability,-1,sadcat,seed_words_052425.csv,0
social,sociability,-1,sadcat,seed_words_052425.csv,0
supportive,sociability,-1,sadcat,seed_words_052425.csv,0
sympathetic,sociability,-1,sadcat,seed_words_052425.csv,0
timid,sociability,-1,sadcat,seed_words_052425.csv,0
unaffectionate,sociability,-1,sadcat,seed_words_052425.csv,0
uncaring,sociability,-1,sadcat,seed_words_052425.csv,0
unfriendly,sociability,-1,sadcat,seed_words_052425.csv,0
unfunny,sociability,-1,sadcat,seed_words_052425.csv,0
unlikable,sociability,-1,sadcat,seed_words_052425.csv,0
unpleasant,sociability,-1,sadcat,seed_words_052425.csv,0
unreserved,sociability,-1,sadcat,seed_words_052425.csv,0
unsociable,sociability,-1,sadcat,seed_words_052425.csv,0
unsocial,sociability,-1,sadcat,seed_words_052425.csv,0
unsupportive,sociability,-1,sadcat,seed_words_052425.csv,0
unsympathetic,sociability,-1,sadcat,seed_words_052425.csv,0
warm,sociability,-1,sadcat,seed_words_052425.csv,0
welcoming,sociability,-1,sadcat,seed_words_052425.csv,0
